[{"model": "contenttypes.contenttype", "pk": 1, "fields": {"app_label": "admin", "model": "logentry"}}, {"model": "contenttypes.contenttype", "pk": 2, "fields": {"app_label": "auth", "model": "permission"}}, {"model": "contenttypes.contenttype", "pk": 3, "fields": {"app_label": "auth", "model": "group"}}, {"model": "contenttypes.contenttype", "pk": 4, "fields": {"app_label": "auth", "model": "user"}}, {"model": "contenttypes.contenttype", "pk": 5, "fields": {"app_label": "contenttypes", "model": "contenttype"}}, {"model": "contenttypes.contenttype", "pk": 6, "fields": {"app_label": "sessions", "model": "session"}}, {"model": "contenttypes.contenttype", "pk": 7, "fields": {"app_label": "message_core", "model": "custmessage"}}, {"model": "contenttypes.contenttype", "pk": 8, "fields": {"app_label": "message_core", "model": "userprofile"}}, {"model": "contenttypes.contenttype", "pk": 9, "fields": {"app_label": "manager", "model": "automessage"}}, {"model": "contenttypes.contenttype", "pk": 10, "fields": {"app_label": "manager", "model": "tagmapping"}}, {"model": "contenttypes.contenttype", "pk": 11, "fields": {"app_label": "manager", "model": "msgtemplate"}}, {"model": "sessions.session", "pk": "7009g940v5saidy63zax0gt8wnuk817c", "fields": {"session_data": "ZTI4NWFlYjNmZmFhOWU0NWNlNWIxZGMyNjRiYjI2ZGNiY2YyZmJkZDp7Il9hdXRoX3VzZXJfaWQiOiIyIiwiX2F1dGhfdXNlcl9iYWNrZW5kIjoiZGphbmdvLmNvbnRyaWIuYXV0aC5iYWNrZW5kcy5Nb2RlbEJhY2tlbmQiLCJfYXV0aF91c2VyX2hhc2giOiI5MTdiNTg0YjljZWNkNGI0MWY1MmFhZTkzMjFmZDQ0MzdiYWZhZGQxIn0=", "expire_date": "2018-11-30T11:42:08.190"}}, {"model": "sessions.session", "pk": "84bf994g76i17m03e01qxz0ajwoef27g", "fields": {"session_data": "ZTI4NWFlYjNmZmFhOWU0NWNlNWIxZGMyNjRiYjI2ZGNiY2YyZmJkZDp7Il9hdXRoX3VzZXJfaWQiOiIyIiwiX2F1dGhfdXNlcl9iYWNrZW5kIjoiZGphbmdvLmNvbnRyaWIuYXV0aC5iYWNrZW5kcy5Nb2RlbEJhY2tlbmQiLCJfYXV0aF91c2VyX2hhc2giOiI5MTdiNTg0YjljZWNkNGI0MWY1MmFhZTkzMjFmZDQ0MzdiYWZhZGQxIn0=", "expire_date": "2018-11-11T14:24:26.500"}}, {"model": "sessions.session", "pk": "au2ue1cnucgxhc8vlnrreis1347q487d", "fields": {"session_data": "ZjBhNzlmYzdmMmUzMTgzMjM3NDRiNzY3ZDFlNjU5ZTc2MDFhYmVlYTp7Il9hdXRoX3VzZXJfYmFja2VuZCI6ImRqYW5nby5jb250cmliLmF1dGguYmFja2VuZHMuTW9kZWxCYWNrZW5kIiwiX2F1dGhfdXNlcl9pZCI6IjIiLCJfYXV0aF91c2VyX2hhc2giOiI5MTdiNTg0YjljZWNkNGI0MWY1MmFhZTkzMjFmZDQ0MzdiYWZhZGQxIn0=", "expire_date": "2018-10-15T09:43:17.040"}}, {"model": "sessions.session", "pk": "c30ptql9oxmrtuuq5may23s21or526td", "fields": {"session_data": "MmM0YjI3YTEyNTVlYTE5OTg5NTQ5MjE0NDkwOTk5NTZlZGQwMTUyNzp7fQ==", "expire_date": "2018-11-30T10:19:13.769"}}, {"model": "sessions.session", "pk": "caj4x4uyd8qfjpxtsm0cp1w04qn2zk8j", "fields": {"session_data": "YzFjN2EyYjRlZGFmZTQwZDRhNTYzOTg3NDM4MzhiYmIyYzc1NTUzMzp7Il9hdXRoX3VzZXJfaWQiOiIxIiwiX2F1dGhfdXNlcl9iYWNrZW5kIjoiZGphbmdvLmNvbnRyaWIuYXV0aC5iYWNrZW5kcy5Nb2RlbEJhY2tlbmQiLCJfYXV0aF91c2VyX2hhc2giOiI1NzBjNWY2YTE3OGRmNjgxYjhiNTc3OWZkNDEyZjU5N2I4NjJlN2E0In0=", "expire_date": "2018-12-05T20:53:40.057"}}, {"model": "sessions.session", "pk": "esnfk1m4x488meqbl5oofrrd2atwudsb", "fields": {"session_data": "ZmQ0ODczNTM0NGFmM2E5YWM3YzNiYjZhZDk3YjA5ZmM2YjIxZjE0ZTp7Il9hdXRoX3VzZXJfaGFzaCI6IjkxN2I1ODRiOWNlY2Q0YjQxZjUyYWFlOTMyMWZkNDQzN2JhZmFkZDEiLCJfYXV0aF91c2VyX2lkIjoiMiIsIl9hdXRoX3VzZXJfYmFja2VuZCI6ImRqYW5nby5jb250cmliLmF1dGguYmFja2VuZHMuTW9kZWxCYWNrZW5kIn0=", "expire_date": "2018-12-02T10:40:36.147"}}, {"model": "sessions.session", "pk": "iofm47wvrpskyiu9mcjkuf7bh4bpyq4p", "fields": {"session_data": "NTRlYmFiYTVjZDgyNGYyOTdjYTRhNjM5MjA0NGE1ODU0MzBjYjk3ODp7Il9hdXRoX3VzZXJfYmFja2VuZCI6ImRqYW5nby5jb250cmliLmF1dGguYmFja2VuZHMuTW9kZWxCYWNrZW5kIiwiX2F1dGhfdXNlcl9oYXNoIjoiOTE3YjU4NGI5Y2VjZDRiNDFmNTJhYWU5MzIxZmQ0NDM3YmFmYWRkMSIsIl9hdXRoX3VzZXJfaWQiOiIyIn0=", "expire_date": "2018-11-10T11:34:51.863"}}, {"model": "sessions.session", "pk": "llx3073f9cf1e55cleeklzzawqc7v2sr", "fields": {"session_data": "NDNiNDg5MWU1N2VmMWZkNjNkYzczNzcyOTY2NmFjNDU5NWE4YzcyYzp7Il9hdXRoX3VzZXJfaGFzaCI6IjkxN2I1ODRiOWNlY2Q0YjQxZjUyYWFlOTMyMWZkNDQzN2JhZmFkZDEiLCJfYXV0aF91c2VyX2JhY2tlbmQiOiJkamFuZ28uY29udHJpYi5hdXRoLmJhY2tlbmRzLk1vZGVsQmFja2VuZCIsIl9hdXRoX3VzZXJfaWQiOiIyIn0=", "expire_date": "2018-11-10T22:29:48.321"}}, {"model": "sessions.session", "pk": "nvl3tm2u7umjjixq3klspu5p8qswuj4v", "fields": {"session_data": "ZTI4NWFlYjNmZmFhOWU0NWNlNWIxZGMyNjRiYjI2ZGNiY2YyZmJkZDp7Il9hdXRoX3VzZXJfaWQiOiIyIiwiX2F1dGhfdXNlcl9iYWNrZW5kIjoiZGphbmdvLmNvbnRyaWIuYXV0aC5iYWNrZW5kcy5Nb2RlbEJhY2tlbmQiLCJfYXV0aF91c2VyX2hhc2giOiI5MTdiNTg0YjljZWNkNGI0MWY1MmFhZTkzMjFmZDQ0MzdiYWZhZGQxIn0=", "expire_date": "2018-10-22T10:40:09.907"}}, {"model": "sessions.session", "pk": "s4caqft4cc7f8vtp3lclutd5zauc04yd", "fields": {"session_data": "ZTI4NWFlYjNmZmFhOWU0NWNlNWIxZGMyNjRiYjI2ZGNiY2YyZmJkZDp7Il9hdXRoX3VzZXJfaWQiOiIyIiwiX2F1dGhfdXNlcl9iYWNrZW5kIjoiZGphbmdvLmNvbnRyaWIuYXV0aC5iYWNrZW5kcy5Nb2RlbEJhY2tlbmQiLCJfYXV0aF91c2VyX2hhc2giOiI5MTdiNTg0YjljZWNkNGI0MWY1MmFhZTkzMjFmZDQ0MzdiYWZhZGQxIn0=", "expire_date": "2018-10-13T14:37:57.550"}}, {"model": "sessions.session", "pk": "tl3yv16rncir0li8rnyayttowt0yz5sa", "fields": {"session_data": "ODI5OTJkZTNkMGYzYTc4NjgzNGY5N2Y1OGI4NWRhMTdjMjdlNTQxYTp7Il9hdXRoX3VzZXJfaWQiOiIyIiwiX2F1dGhfdXNlcl9iYWNrZW5kIjoiZGphbmdvLmNvbnRyaWIuYXV0aC5iYWNrZW5kcy5Nb2RlbEJhY2tlbmQiLCJfYXV0aF91c2VyX2hhc2giOiJhNmQ3NjY2MjMyNDNmZGJkMmE0OGZlZTViZDgwZGM3ZWRiNjVjNmYxIn0=", "expire_date": "2018-12-23T18:15:57.667"}}, {"model": "message_core.custmessage", "pk": 1, "fields": {"cust_name": null, "cust_mobile": "15523658654", "cust_address": null, "message": "", "follow_user": "1", "last_follow_user": null, "visit_record": "", "next_visit_date": "2018-10-03", "type": 1, "last_type": 1, "message_status": 1, "source_tag": null, "created_time": "2018-09-27T16:17:19.860", "updated_time": "2018-10-01T10:29:50.235"}}, {"model": "message_core.custmessage", "pk": 2, "fields": {"cust_name": "\u5ba2\u6237\u4e00", "cust_mobile": "15523658655", "cust_address": "\u6e56\u5317\u6b66\u6c49", "message": "\u548c\u6cd5\u56fd\u6062\u590d\u89c4\u5212\u9ad8\u623f\u4ef7 \u53cd\u5149\u955c\u5230\u623f\u7ba1\u5c40\u5730\u65b9\u516c\u4ea4\u8f66V\u578b\u5185\u5b58 \u67e5\u5730\u65b9\u521a\u6062\u590d\u89c4\u5212\u5bb6\u5206\u5e97\u5c06\u8c46\u8150\u5e72\u5c06\u53d1\u8fbe\u56fd\u5bb6\u53cd\u5149\u955c\u53cd\u5149\u955c", "follow_user": "1", "last_follow_user": "2", "visit_record": "\u7535\u98ce\u6247\u516c\u53f8\u7684\u98ce\u683c\u4e0b\u8f66V\u578b\u6a59V\r\n\u91cd\u590d\u8fc7\u4ea4\u4ed8\u7ed9\u2018\r\n\u53d1\u8fc7\u8282\u8d39\r\n\u5730\u65b9\u548c\u5730\u65b9\r\n\u51e4\u51f0\u8fc7\u5206\u7684\u8bdd", "next_visit_date": "2018-09-30", "type": 1, "last_type": 1, "message_status": 1, "source_tag": "995", "created_time": "2018-09-27T21:08:14.958", "updated_time": "2018-09-28T14:25:56.771"}}, {"model": "message_core.custmessage", "pk": 3, "fields": {"cust_name": "\u5ba2\u6237\u4e8c", "cust_mobile": "15523658656", "cust_address": "\u5e7f\u4e1c\u6df1\u5733", "message": "\u54c8\u54c8\u54c8", "follow_user": "1", "last_follow_user": "2", "visit_record": "\u674e\u56db", "next_visit_date": "2018-09-28", "type": 1, "last_type": 1, "message_status": 1, "source_tag": "999", "created_time": "2018-09-28T16:18:34.034", "updated_time": "2018-11-02T10:36:49.439"}}, {"model": "message_core.custmessage", "pk": 4, "fields": {"cust_name": "\u5ba2\u6237\u56db", "cust_mobile": "15523658657", "cust_address": "\u6e56\u5317\u5b5d\u611f", "message": "\u6cd5\u56fd\u6062\u590d\u89c4\u5212", "follow_user": "1", "last_follow_user": null, "visit_record": "\u6253\u4e2a\u7535\u8bdd", "next_visit_date": "2018-09-30", "type": 1, "last_type": 1, "message_status": 1, "source_tag": "666\u7f51", "created_time": "2018-09-28T16:19:20.323", "updated_time": "2018-09-28T16:19:20.323"}}, {"model": "message_core.custmessage", "pk": 5, "fields": {"cust_name": "\u5ba2\u6237\u56db", "cust_mobile": "15523658658", "cust_address": "\u5e7f\u4e1c\u6df1\u5733", "message": "\u968f\u65f6\u968f\u5730", "follow_user": "1", "last_follow_user": null, "visit_record": "<p><strong>\u5730\u65b9\u6253\u4e2a\u7535\u8bdd</strong></p>\r\n\r\n<p><em>\u5f52\u6863</em><u>\u7535\u996d\u9505</u>\u7535\u996d\u9505<span style=\"background-color:#27ae60\">\u7535\u996d\u9505\u6ef4\u6ef4</span></p>", "next_visit_date": "2018-10-01", "type": 1, "last_type": 1, "message_status": 1, "source_tag": null, "created_time": "2018-09-30T09:51:54.526", "updated_time": "2018-10-28T21:36:35.610"}}, {"model": "message_core.custmessage", "pk": 6, "fields": {"cust_name": "\u5ba2\u6237\u4e94", "cust_mobile": "15523658659", "cust_address": "\u5317\u4eac\u901a\u57ce", "message": "\u4f60\u597d\u554a", "follow_user": "1", "last_follow_user": null, "visit_record": "<p>\u653e\u677e\u653e\u677e\u7684</p>", "next_visit_date": "2018-10-27", "type": 1, "last_type": 1, "message_status": 1, "source_tag": null, "created_time": "2018-09-30T09:55:35.916", "updated_time": "2018-10-28T21:32:53.333"}}, {"model": "message_core.custmessage", "pk": 7, "fields": {"cust_name": "\u5ba2\u6237\u5218", "cust_mobile": "15523658660", "cust_address": "\u6e56\u5317\u5b89\u9646", "message": "\u6c34\u7535\u8d39\u6536\u8d39", "follow_user": "1", "last_follow_user": null, "visit_record": "<p>\u662f\u591a\u5927</p>\r\n\r\n<p>\u7535\u996d\u9505</p>", "next_visit_date": "2018-10-05", "type": 1, "last_type": 1, "message_status": 1, "source_tag": null, "created_time": "2018-09-30T10:34:55.197", "updated_time": "2018-10-28T21:43:07.835"}}, {"model": "message_core.custmessage", "pk": 8, "fields": {"cust_name": "\u5ba2\u6237\u4e03", "cust_mobile": "15523658661", "cust_address": "\u5e7f\u4e1c\u6df1\u5733", "message": "\u968f\u789f\u9644\u90012", "follow_user": "1", "last_follow_user": null, "visit_record": "<p>\u4e0b\u8f66V\u578b\u6a59V\u5ba3\u4f20V\u578b\u6c34\u7535\u8d39\u6562\u6b7b\u961f\u662f\u7b2c\u4e09\u4e2a\u4e09\u7b49\u529f\u4e09\u7b49\u529f\u6c34\u7535\u5de5\u6c34\u7535\u5de5\u6c34\u7535\u5de5\u6c34\u7535\u5de5\u6c34\u7535\u5de5\u6c34\u7535\u5de5\u6c34\u7535\u5de5\u6c34\u7535\u5de5\u6c34\u7535\u5de5</p>", "next_visit_date": "2018-10-01", "type": 2, "last_type": 1, "message_status": 1, "source_tag": null, "created_time": "2018-09-30T10:58:05.754", "updated_time": "2018-10-28T21:47:29.541"}}, {"model": "message_core.custmessage", "pk": 9, "fields": {"cust_name": null, "cust_mobile": "15523658666", "cust_address": null, "message": "", "follow_user": "123", "last_follow_user": "1", "visit_record": "", "next_visit_date": "2018-08-01", "type": 1, "last_type": 1, "message_status": 1, "source_tag": null, "created_time": "2018-09-30T15:02:52.060", "updated_time": "2018-12-08T23:46:35.293"}}, {"model": "message_core.custmessage", "pk": 10, "fields": {"cust_name": "\u5384\u5c14\u5355\u72ec", "cust_mobile": "15523658667", "cust_address": "\u56db\u5ddd\u6210\u90fd", "message": "\u5730\u65b9\u591a\u4e2a1", "follow_user": "1", "last_follow_user": null, "visit_record": "<p>\u7684\u6cd5\u89c4\u6cd5\u89c4</p>", "next_visit_date": "2018-09-30", "type": 2, "last_type": 1, "message_status": 1, "source_tag": null, "created_time": "2018-09-30T15:58:30.834", "updated_time": "2018-11-02T10:38:42.479"}}, {"model": "message_core.custmessage", "pk": 11, "fields": {"cust_name": "nihao", "cust_mobile": "15523658675", "cust_address": "\u5e7f\u4e1c\u6e5b\u6c5f", "message": "", "follow_user": "123", "last_follow_user": "2", "visit_record": "", "next_visit_date": "2018-10-08", "type": 1, "last_type": 1, "message_status": 1, "source_tag": null, "created_time": "2018-09-30T17:10:23.785", "updated_time": "2018-11-22T23:45:29.001"}}, {"model": "message_core.custmessage", "pk": 12, "fields": {"cust_name": "\u4f60\u731c", "cust_mobile": "13546474627", "cust_address": "\u56db\u5ddd\u6210\u90fd", "message": "\u5475\u5475\u5475", "follow_user": "1", "last_follow_user": null, "visit_record": "<p>\u7684\u65b9\u6cd5\u5bf9\u65b9</p>", "next_visit_date": "2018-10-10", "type": 3, "last_type": 1, "message_status": 1, "source_tag": null, "created_time": "2018-10-01T08:50:08.819", "updated_time": "2018-11-25T13:15:07.100"}}, {"model": "message_core.custmessage", "pk": 13, "fields": {"cust_name": "\u5ba2\u6237\u674e", "cust_mobile": "15523658688", "cust_address": "\u8212\u670d\u5565\u5730\u65b9", "message": "\u5730\u65b9\u7684\u6cd5\u89c4q", "follow_user": "1", "last_follow_user": null, "visit_record": "<p>\u968f\u789f\u9644\u9001\u7684</p>", "next_visit_date": "2018-10-29", "type": 3, "last_type": 2, "message_status": 1, "source_tag": "123", "created_time": "2018-10-08T10:44:29.311", "updated_time": "2018-11-25T13:19:30.231"}}, {"model": "message_core.custmessage", "pk": 14, "fields": {"cust_name": "\u5343\u4e07\u5343\u4e07", "cust_mobile": "13423345678", "cust_address": "\u5927\u5e45\u5ea6", "message": "", "follow_user": "1", "last_follow_user": null, "visit_record": "", "next_visit_date": null, "type": 2, "last_type": 3, "message_status": 1, "source_tag": null, "created_time": "2018-11-25T09:09:02.688", "updated_time": "2018-11-25T13:14:53.951"}}, {"model": "message_core.custmessage", "pk": 15, "fields": {"cust_name": "\u662f\u5426\u6253\u5e95\u886b1", "cust_mobile": "12344335522", "cust_address": "\u68b5\u8482\u51881", "message": "12", "follow_user": "1", "last_follow_user": null, "visit_record": "<p>12</p>", "next_visit_date": "2018-11-25", "type": 2, "last_type": 3, "message_status": 1, "source_tag": "8891", "created_time": "2018-11-25T09:18:28.242", "updated_time": "2018-11-25T20:39:32.211"}}, {"model": "message_core.custmessage", "pk": 16, "fields": {"cust_name": "\u98a0\u4e09\u5012\u56db", "cust_mobile": "13245678909", "cust_address": "\u6cd5\u56fd\u5df4\u9ece", "message": "\u540a\u6b7b\u6276\u4f24", "follow_user": "2", "last_follow_user": "123", "visit_record": "", "next_visit_date": null, "type": 1, "last_type": 1, "message_status": 1, "source_tag": "998", "created_time": "2018-11-25T20:33:05.016", "updated_time": "2018-11-25T21:14:24.609"}}, {"model": "message_core.custmessage", "pk": 25, "fields": {"cust_name": "\u73a9\u73a9", "cust_mobile": "15827340285", "cust_address": "\u7559\u8a001", "message": null, "follow_user": "123", "last_follow_user": null, "visit_record": null, "next_visit_date": null, "type": 1, "last_type": 1, "message_status": 1, "source_tag": "homeTag", "created_time": "2018-12-03T23:07:39.612", "updated_time": "2018-12-03T23:07:39.612"}}, {"model": "message_core.custmessage", "pk": 26, "fields": {"cust_name": "\u6240\u793a", "cust_mobile": "15827340286", "cust_address": "\u7559\u8a002", "message": null, "follow_user": "1", "last_follow_user": null, "visit_record": null, "next_visit_date": null, "type": 1, "last_type": 1, "message_status": 1, "source_tag": "homeTag", "created_time": "2018-12-03T23:07:39.612", "updated_time": "2018-12-03T23:07:39.612"}}, {"model": "message_core.custmessage", "pk": 27, "fields": {"cust_name": "\u8c03\u5ea6", "cust_mobile": "15827340287", "cust_address": "\u7559\u8a003", "message": null, "follow_user": "2", "last_follow_user": null, "visit_record": null, "next_visit_date": null, "type": 1, "last_type": 1, "message_status": 1, "source_tag": "homeTag", "created_time": "2018-12-03T23:07:39.612", "updated_time": "2018-12-03T23:07:39.612"}}, {"model": "message_core.custmessage", "pk": 28, "fields": {"cust_name": "\u65b9\u6cd5", "cust_mobile": "15827340288", "cust_address": "\u7559\u8a004", "message": null, "follow_user": "123", "last_follow_user": null, "visit_record": null, "next_visit_date": null, "type": 1, "last_type": 1, "message_status": 1, "source_tag": "homeTag", "created_time": "2018-12-03T23:07:39.612", "updated_time": "2018-12-03T23:07:39.612"}}, {"model": "message_core.custmessage", "pk": 29, "fields": {"cust_name": "\u8c37\u6b4c", "cust_mobile": "15827340289", "cust_address": "\u7559\u8a005", "message": null, "follow_user": "1", "last_follow_user": null, "visit_record": null, "next_visit_date": null, "type": 1, "last_type": 1, "message_status": 1, "source_tag": "homeTag", "created_time": "2018-12-03T23:07:39.612", "updated_time": "2018-12-03T23:07:39.612"}}, {"model": "message_core.custmessage", "pk": 30, "fields": {"cust_name": "\u54c8\u54c8", "cust_mobile": "15827340280", "cust_address": "\u7559\u8a006", "message": null, "follow_user": "2", "last_follow_user": null, "visit_record": null, "next_visit_date": null, "type": 1, "last_type": 1, "message_status": 1, "source_tag": "homeTag", "created_time": "2018-12-03T23:07:39.612", "updated_time": "2018-12-03T23:07:39.612"}}, {"model": "message_core.custmessage", "pk": 31, "fields": {"cust_name": "\u89e3\u51b3", "cust_mobile": "15827340284", "cust_address": "\u7559\u8a007", "message": null, "follow_user": "123", "last_follow_user": null, "visit_record": null, "next_visit_date": null, "type": 1, "last_type": 1, "message_status": 1, "source_tag": "homeTag", "created_time": "2018-12-03T23:07:39.612", "updated_time": "2018-12-03T23:07:39.612"}}, {"model": "message_core.custmessage", "pk": 32, "fields": {"cust_name": "\u53ef\u7a7a", "cust_mobile": "15827340283", "cust_address": "\u7559\u8a008", "message": null, "follow_user": "1", "last_follow_user": null, "visit_record": null, "next_visit_date": null, "type": 1, "last_type": 1, "message_status": 1, "source_tag": "homeTag", "created_time": "2018-12-03T23:07:39.613", "updated_time": "2018-12-03T23:07:39.613"}}, {"model": "message_core.custmessage", "pk": 33, "fields": {"cust_name": "\u73a9\u73a9", "cust_mobile": "15727340285", "cust_address": "\u7559\u8a001", "message": null, "follow_user": "2", "last_follow_user": null, "visit_record": null, "next_visit_date": null, "type": 1, "last_type": 1, "message_status": 1, "source_tag": "homeTag", "created_time": "2018-12-04T22:41:10.942", "updated_time": "2018-12-04T22:41:10.942"}}, {"model": "message_core.custmessage", "pk": 34, "fields": {"cust_name": "\u6240\u793a", "cust_mobile": "15727340286", "cust_address": "\u7559\u8a002", "message": null, "follow_user": "123", "last_follow_user": null, "visit_record": null, "next_visit_date": null, "type": 1, "last_type": 1, "message_status": 1, "source_tag": "homeTag", "created_time": "2018-12-04T22:41:10.943", "updated_time": "2018-12-04T22:41:10.943"}}, {"model": "message_core.custmessage", "pk": 35, "fields": {"cust_name": "\u8c03\u5ea6", "cust_mobile": "15727340287", "cust_address": "\u7559\u8a003", "message": null, "follow_user": "1", "last_follow_user": null, "visit_record": null, "next_visit_date": null, "type": 1, "last_type": 1, "message_status": 1, "source_tag": "homeTag", "created_time": "2018-12-04T22:41:10.943", "updated_time": "2018-12-04T22:41:10.943"}}, {"model": "message_core.custmessage", "pk": 36, "fields": {"cust_name": "\u65b9\u6cd5", "cust_mobile": "15727340288", "cust_address": "\u7559\u8a004", "message": null, "follow_user": "2", "last_follow_user": null, "visit_record": null, "next_visit_date": null, "type": 1, "last_type": 1, "message_status": 1, "source_tag": "homeTag", "created_time": "2018-12-04T22:41:10.943", "updated_time": "2018-12-04T22:41:10.943"}}, {"model": "message_core.custmessage", "pk": 37, "fields": {"cust_name": "\u54c8\u54c8", "cust_mobile": "15727340280", "cust_address": "\u7559\u8a006", "message": null, "follow_user": "1", "last_follow_user": null, "visit_record": null, "next_visit_date": null, "type": 1, "last_type": 1, "message_status": 1, "source_tag": "homeTag", "created_time": "2018-12-04T22:41:10.943", "updated_time": "2018-12-04T22:41:10.943"}}, {"model": "message_core.custmessage", "pk": 38, "fields": {"cust_name": "\u89e3\u51b3", "cust_mobile": "15627340284", "cust_address": "\u7559\u8a007", "message": null, "follow_user": "2", "last_follow_user": null, "visit_record": null, "next_visit_date": null, "type": 1, "last_type": 1, "message_status": 1, "source_tag": "homeTag", "created_time": "2018-12-04T22:41:10.943", "updated_time": "2018-12-04T22:41:10.943"}}, {"model": "message_core.custmessage", "pk": 39, "fields": {"cust_name": "\u53ef\u7a7a", "cust_mobile": "15427340283", "cust_address": "\u7559\u8a008", "message": null, "follow_user": "123", "last_follow_user": null, "visit_record": null, "next_visit_date": null, "type": 1, "last_type": 1, "message_status": 1, "source_tag": "homeTag", "created_time": "2018-12-04T22:41:10.943", "updated_time": "2018-12-04T22:41:10.943"}}, {"model": "message_core.custmessage", "pk": 40, "fields": {"cust_name": "\u73a9\u73a9", "cust_mobile": "15427340285", "cust_address": "\u7559\u8a001", "message": "", "follow_user": "1", "last_follow_user": null, "visit_record": null, "next_visit_date": null, "type": 1, "last_type": 1, "message_status": 1, "source_tag": "homeTag", "created_time": "2018-12-08T22:25:40.000", "updated_time": "2018-12-09T17:59:58.724"}}, {"model": "message_core.custmessage", "pk": 41, "fields": {"cust_name": "\u6240\u793a", "cust_mobile": "15427340286", "cust_address": "\u7559\u8a002", "message": null, "follow_user": "2", "last_follow_user": null, "visit_record": null, "next_visit_date": null, "type": 1, "last_type": 1, "message_status": 1, "source_tag": "homeTag", "created_time": "2018-12-08T22:25:40.000", "updated_time": "2018-12-08T22:25:40.000"}}, {"model": "message_core.custmessage", "pk": 42, "fields": {"cust_name": "\u8c03\u5ea6", "cust_mobile": "15427340287", "cust_address": "\u7559\u8a003", "message": null, "follow_user": "123", "last_follow_user": null, "visit_record": null, "next_visit_date": null, "type": 1, "last_type": 1, "message_status": 1, "source_tag": "homeTag", "created_time": "2018-12-08T22:25:40.000", "updated_time": "2018-12-08T22:25:40.000"}}, {"model": "message_core.custmessage", "pk": 43, "fields": {"cust_name": "\u65b9\u6cd5", "cust_mobile": "15427340288", "cust_address": "\u7559\u8a004", "message": null, "follow_user": "1", "last_follow_user": null, "visit_record": null, "next_visit_date": null, "type": 1, "last_type": 1, "message_status": 1, "source_tag": "homeTag", "created_time": "2018-12-08T22:25:40.000", "updated_time": "2018-12-08T22:25:40.000"}}, {"model": "message_core.custmessage", "pk": 44, "fields": {"cust_name": "\u8c37\u6b4c", "cust_mobile": "15422334456", "cust_address": "\u7559\u8a005", "message": null, "follow_user": "2", "last_follow_user": null, "visit_record": null, "next_visit_date": null, "type": 1, "last_type": 1, "message_status": 1, "source_tag": "homeTag", "created_time": "2018-12-08T22:25:40.000", "updated_time": "2018-12-08T22:25:40.000"}}, {"model": "message_core.custmessage", "pk": 45, "fields": {"cust_name": "\u54c8\u54c8", "cust_mobile": "15427340280", "cust_address": "\u7559\u8a006", "message": null, "follow_user": "123", "last_follow_user": null, "visit_record": null, "next_visit_date": null, "type": 1, "last_type": 1, "message_status": 1, "source_tag": "homeTag", "created_time": "2018-12-08T22:25:40.000", "updated_time": "2018-12-08T22:25:40.000"}}, {"model": "message_core.custmessage", "pk": 46, "fields": {"cust_name": "\u89e3\u51b3", "cust_mobile": "15427340284", "cust_address": "\u7559\u8a007", "message": null, "follow_user": "1", "last_follow_user": null, "visit_record": null, "next_visit_date": null, "type": 1, "last_type": 1, "message_status": 1, "source_tag": "homeTag", "created_time": "2018-12-08T22:25:40.000", "updated_time": "2018-12-08T22:25:40.000"}}, {"model": "message_core.custmessage", "pk": 47, "fields": {"cust_name": "\u53ef\u7a7a", "cust_mobile": "15327340283", "cust_address": "\u7559\u8a008", "message": null, "follow_user": "2", "last_follow_user": null, "visit_record": null, "next_visit_date": null, "type": 1, "last_type": 1, "message_status": 1, "source_tag": "homeTag", "created_time": "2018-12-08T22:25:40.000", "updated_time": "2018-12-08T22:25:40.000"}}, {"model": "message_core.custmessage", "pk": 48, "fields": {"cust_name": "\u73a9\u73a9", "cust_mobile": "13427340285", "cust_address": "\u6df1\u57331", "message": "\u7559\u8a001", "follow_user": "123", "last_follow_user": null, "visit_record": null, "next_visit_date": null, "type": 1, "last_type": 1, "message_status": 1, "source_tag": "homeTag", "created_time": "2018-12-08T22:46:56.774", "updated_time": "2018-12-08T22:46:56.774"}}, {"model": "message_core.custmessage", "pk": 49, "fields": {"cust_name": "\u6240\u793a", "cust_mobile": "13427340286", "cust_address": "\u6df1\u57332", "message": "\u7559\u8a002", "follow_user": "123", "last_follow_user": null, "visit_record": null, "next_visit_date": null, "type": 1, "last_type": 1, "message_status": 1, "source_tag": "homeTag", "created_time": "2018-12-08T22:46:56.774", "updated_time": "2018-12-08T22:46:56.774"}}, {"model": "message_core.custmessage", "pk": 50, "fields": {"cust_name": "\u8c03\u5ea6", "cust_mobile": "13427340287", "cust_address": "\u6df1\u57333", "message": "\u7559\u8a003", "follow_user": "123", "last_follow_user": null, "visit_record": null, "next_visit_date": null, "type": 1, "last_type": 1, "message_status": 1, "source_tag": "homeTag", "created_time": "2018-12-08T22:46:56.774", "updated_time": "2018-12-08T22:46:56.774"}}, {"model": "message_core.custmessage", "pk": 51, "fields": {"cust_name": "\u73a9\u73a9", "cust_mobile": "13327340285", "cust_address": "\u6df1\u57331", "message": "\u7559\u8a001", "follow_user": "2", "last_follow_user": null, "visit_record": null, "next_visit_date": null, "type": 1, "last_type": 1, "message_status": 1, "source_tag": "homeTag", "created_time": "2018-12-08T23:10:13.092", "updated_time": "2018-12-08T23:10:13.092"}}, {"model": "message_core.custmessage", "pk": 52, "fields": {"cust_name": "\u8c03\u5ea6", "cust_mobile": "13327340287", "cust_address": "\u6df1\u57333", "message": "\u7559\u8a003", "follow_user": "2", "last_follow_user": null, "visit_record": null, "next_visit_date": null, "type": 1, "last_type": 1, "message_status": 1, "source_tag": "homeTag", "created_time": "2018-12-08T23:10:13.092", "updated_time": "2018-12-08T23:10:13.092"}}, {"model": "message_core.custmessage", "pk": 53, "fields": {"cust_name": null, "cust_mobile": "13248765543", "cust_address": null, "message": "", "follow_user": "123", "last_follow_user": null, "visit_record": "", "next_visit_date": null, "type": 1, "last_type": 1, "message_status": 1, "source_tag": null, "created_time": "2018-12-08T23:24:26.061", "updated_time": "2018-12-08T23:24:26.061"}}, {"model": "message_core.custmessage", "pk": 54, "fields": {"cust_name": null, "cust_mobile": "15122345309", "cust_address": null, "message": "", "follow_user": "1", "last_follow_user": null, "visit_record": null, "next_visit_date": null, "type": 1, "last_type": 1, "message_status": 1, "source_tag": null, "created_time": "2018-12-08T23:24:45.190", "updated_time": "2018-12-09T18:04:33.376"}}, {"model": "message_core.custmessage", "pk": 55, "fields": {"cust_name": null, "cust_mobile": "15678904325", "cust_address": null, "message": "", "follow_user": "2", "last_follow_user": null, "visit_record": "", "next_visit_date": null, "type": 1, "last_type": 1, "message_status": 1, "source_tag": null, "created_time": "2018-12-08T23:24:59.551", "updated_time": "2018-12-08T23:24:59.552"}}, {"model": "message_core.custmessage", "pk": 56, "fields": {"cust_name": null, "cust_mobile": "17625364785", "cust_address": null, "message": "", "follow_user": "2", "last_follow_user": null, "visit_record": "", "next_visit_date": null, "type": 1, "last_type": 1, "message_status": 1, "source_tag": null, "created_time": "2018-12-08T23:28:36.534", "updated_time": "2018-12-08T23:28:36.534"}}, {"model": "manager.automessage", "pk": 1, "fields": {"cur_user": "2"}}, {"model": "manager.msgtemplate", "pk": 1, "fields": {"template_key": "123", "has_firstline": true, "col_username": null, "col_mobilephone": "B", "col_address": null, "col_message": null}}, {"model": "manager.msgtemplate", "pk": 2, "fields": {"template_key": "234", "has_firstline": false, "col_username": null, "col_mobilephone": "c", "col_address": null, "col_message": null}}, {"model": "manager.msgtemplate", "pk": 3, "fields": {"template_key": "213", "has_firstline": true, "col_username": null, "col_mobilephone": "D", "col_address": null, "col_message": null}}, {"model": "manager.msgtemplate", "pk": 4, "fields": {"template_key": "myTmp", "has_firstline": true, "col_username": "c", "col_mobilephone": "E", "col_address": "F", "col_message": "j"}}, {"model": "manager.msgtemplate", "pk": 5, "fields": {"template_key": "homeTest", "has_firstline": true, "col_username": "B", "col_mobilephone": "e", "col_address": "g", "col_message": "I"}}, {"model": "manager.tagmapping", "pk": 1, "fields": {"tag_name": "123", "ref_template": "123"}}, {"model": "manager.tagmapping", "pk": 2, "fields": {"tag_name": "nihao", "ref_template": "213"}}, {"model": "manager.tagmapping", "pk": 3, "fields": {"tag_name": "mySource", "ref_template": "myTmp"}}, {"model": "manager.tagmapping", "pk": 4, "fields": {"tag_name": "homeTag", "ref_template": "homeTest"}}, {"model": "auth.permission", "pk": 1, "fields": {"name": "Can add log entry", "content_type": 1, "codename": "add_logentry"}}, {"model": "auth.permission", "pk": 2, "fields": {"name": "Can change log entry", "content_type": 1, "codename": "change_logentry"}}, {"model": "auth.permission", "pk": 3, "fields": {"name": "Can delete log entry", "content_type": 1, "codename": "delete_logentry"}}, {"model": "auth.permission", "pk": 4, "fields": {"name": "Can view log entry", "content_type": 1, "codename": "view_logentry"}}, {"model": "auth.permission", "pk": 5, "fields": {"name": "Can add permission", "content_type": 2, "codename": "add_permission"}}, {"model": "auth.permission", "pk": 6, "fields": {"name": "Can change permission", "content_type": 2, "codename": "change_permission"}}, {"model": "auth.permission", "pk": 7, "fields": {"name": "Can delete permission", "content_type": 2, "codename": "delete_permission"}}, {"model": "auth.permission", "pk": 8, "fields": {"name": "Can view permission", "content_type": 2, "codename": "view_permission"}}, {"model": "auth.permission", "pk": 9, "fields": {"name": "Can add group", "content_type": 3, "codename": "add_group"}}, {"model": "auth.permission", "pk": 10, "fields": {"name": "Can change group", "content_type": 3, "codename": "change_group"}}, {"model": "auth.permission", "pk": 11, "fields": {"name": "Can delete group", "content_type": 3, "codename": "delete_group"}}, {"model": "auth.permission", "pk": 12, "fields": {"name": "Can view group", "content_type": 3, "codename": "view_group"}}, {"model": "auth.permission", "pk": 13, "fields": {"name": "Can add user", "content_type": 4, "codename": "add_user"}}, {"model": "auth.permission", "pk": 14, "fields": {"name": "Can change user", "content_type": 4, "codename": "change_user"}}, {"model": "auth.permission", "pk": 15, "fields": {"name": "Can delete user", "content_type": 4, "codename": "delete_user"}}, {"model": "auth.permission", "pk": 16, "fields": {"name": "Can view user", "content_type": 4, "codename": "view_user"}}, {"model": "auth.permission", "pk": 17, "fields": {"name": "Can add content type", "content_type": 5, "codename": "add_contenttype"}}, {"model": "auth.permission", "pk": 18, "fields": {"name": "Can change content type", "content_type": 5, "codename": "change_contenttype"}}, {"model": "auth.permission", "pk": 19, "fields": {"name": "Can delete content type", "content_type": 5, "codename": "delete_contenttype"}}, {"model": "auth.permission", "pk": 20, "fields": {"name": "Can view content type", "content_type": 5, "codename": "view_contenttype"}}, {"model": "auth.permission", "pk": 21, "fields": {"name": "Can add session", "content_type": 6, "codename": "add_session"}}, {"model": "auth.permission", "pk": 22, "fields": {"name": "Can change session", "content_type": 6, "codename": "change_session"}}, {"model": "auth.permission", "pk": 23, "fields": {"name": "Can delete session", "content_type": 6, "codename": "delete_session"}}, {"model": "auth.permission", "pk": 24, "fields": {"name": "Can view session", "content_type": 6, "codename": "view_session"}}, {"model": "auth.permission", "pk": 25, "fields": {"name": "Can add cust message", "content_type": 7, "codename": "add_custmessage"}}, {"model": "auth.permission", "pk": 26, "fields": {"name": "Can change cust message", "content_type": 7, "codename": "change_custmessage"}}, {"model": "auth.permission", "pk": 27, "fields": {"name": "Can delete cust message", "content_type": 7, "codename": "delete_custmessage"}}, {"model": "auth.permission", "pk": 28, "fields": {"name": "Can view cust message", "content_type": 7, "codename": "view_custmessage"}}, {"model": "auth.permission", "pk": 29, "fields": {"name": "Can add user profile", "content_type": 8, "codename": "add_userprofile"}}, {"model": "auth.permission", "pk": 30, "fields": {"name": "Can change user profile", "content_type": 8, "codename": "change_userprofile"}}, {"model": "auth.permission", "pk": 31, "fields": {"name": "Can delete user profile", "content_type": 8, "codename": "delete_userprofile"}}, {"model": "auth.permission", "pk": 32, "fields": {"name": "Can view user profile", "content_type": 8, "codename": "view_userprofile"}}, {"model": "auth.permission", "pk": 33, "fields": {"name": "Can add auto message", "content_type": 9, "codename": "add_automessage"}}, {"model": "auth.permission", "pk": 34, "fields": {"name": "Can change auto message", "content_type": 9, "codename": "change_automessage"}}, {"model": "auth.permission", "pk": 35, "fields": {"name": "Can delete auto message", "content_type": 9, "codename": "delete_automessage"}}, {"model": "auth.permission", "pk": 36, "fields": {"name": "Can view auto message", "content_type": 9, "codename": "view_automessage"}}, {"model": "auth.permission", "pk": 37, "fields": {"name": "Can add tag mapping", "content_type": 10, "codename": "add_tagmapping"}}, {"model": "auth.permission", "pk": 38, "fields": {"name": "Can change tag mapping", "content_type": 10, "codename": "change_tagmapping"}}, {"model": "auth.permission", "pk": 39, "fields": {"name": "Can delete tag mapping", "content_type": 10, "codename": "delete_tagmapping"}}, {"model": "auth.permission", "pk": 40, "fields": {"name": "Can view tag mapping", "content_type": 10, "codename": "view_tagmapping"}}, {"model": "auth.permission", "pk": 41, "fields": {"name": "Can add msg template", "content_type": 11, "codename": "add_msgtemplate"}}, {"model": "auth.permission", "pk": 42, "fields": {"name": "Can change msg template", "content_type": 11, "codename": "change_msgtemplate"}}, {"model": "auth.permission", "pk": 43, "fields": {"name": "Can delete msg template", "content_type": 11, "codename": "delete_msgtemplate"}}, {"model": "auth.permission", "pk": 44, "fields": {"name": "Can view msg template", "content_type": 11, "codename": "view_msgtemplate"}}, {"model": "auth.user", "pk": 1, "fields": {"password": "pbkdf2_sha256$120000$2qrSanDgDyUI$9QjO/7DiVXCOOBS8y1KzRSW2ZuiCC+GeoSLQbXYMzQQ=", "last_login": "2018-12-09T18:09:20.256", "is_superuser": true, "username": "admin", "first_name": "", "last_name": "", "email": "fly_wang_fei@163.com", "is_staff": true, "is_active": true, "date_joined": "2018-09-27T15:07:19.523", "groups": [], "user_permissions": []}}, {"model": "auth.user", "pk": 2, "fields": {"password": "pbkdf2_sha256$120000$uTtk1dIHLNWk$WyaJdgtIO0oaCU7K3dJp434KrjK3dMHcOH76b84qj/0=", "last_login": "2018-12-09T18:15:57.414", "is_superuser": false, "username": "\u5f20\u4e09", "first_name": "", "last_name": "", "email": "", "is_staff": false, "is_active": true, "date_joined": "2018-09-27T15:09:55.363", "groups": [], "user_permissions": []}}, {"model": "auth.user", "pk": 3, "fields": {"password": "pbkdf2_sha256$120000$CeYcQSaWftc9$O71LlIVaMAfy7ms5rR/273JLfOAxpCiTf0qzzxTbX+g=", "last_login": "2018-11-02T10:36:43.364", "is_superuser": false, "username": "\u674e\u56db", "first_name": "", "last_name": "", "email": "", "is_staff": false, "is_active": true, "date_joined": "2018-09-27T15:10:30.054", "groups": [], "user_permissions": []}}, {"model": "auth.user", "pk": 4, "fields": {"password": "pbkdf2_sha256$120000$RGY28UtxKUrI$pNaRhOGL7GYiZV1QO1DqvoFfdw3WZIrB/UhdB6zEmKs=", "last_login": null, "is_superuser": false, "username": "\u738b\u98de", "first_name": "", "last_name": "", "email": "", "is_staff": false, "is_active": true, "date_joined": "2018-11-18T21:54:27.997", "groups": [], "user_permissions": []}}, {"model": "message_core.userprofile", "pk": 1, "fields": {"user": 2, "user_num": "1", "user_status": 1}}, {"model": "message_core.userprofile", "pk": 2, "fields": {"user": 3, "user_num": "2", "user_status": 1}}, {"model": "message_core.userprofile", "pk": 3, "fields": {"user": 4, "user_num": "123", "user_status": 1}}, {"model": "admin.logentry", "pk": 1, "fields": {"action_time": "2018-09-27T15:09:55.498", "user": 1, "content_type": 4, "object_id": "2", "object_repr": "\u5f20\u4e09", "action_flag": 1, "change_message": "[{\"added\": {}}]"}}, {"model": "admin.logentry", "pk": 2, "fields": {"action_time": "2018-09-27T15:10:30.139", "user": 1, "content_type": 4, "object_id": "3", "object_repr": "\u674e\u56db", "action_flag": 1, "change_message": "[{\"added\": {}}]"}}, {"model": "admin.logentry", "pk": 3, "fields": {"action_time": "2018-09-27T16:10:19.178", "user": 1, "content_type": 8, "object_id": "1", "object_repr": "<Profile for \u5f20\u4e09>", "action_flag": 1, "change_message": "[{\"added\": {}}]"}}, {"model": "admin.logentry", "pk": 4, "fields": {"action_time": "2018-09-27T16:10:29.830", "user": 1, "content_type": 8, "object_id": "2", "object_repr": "<Profile for \u674e\u56db>", "action_flag": 1, "change_message": "[{\"added\": {}}]"}}, {"model": "admin.logentry", "pk": 5, "fields": {"action_time": "2018-09-27T16:17:19.861", "user": 1, "content_type": 7, "object_id": "1", "object_repr": "CustMessage object (1)", "action_flag": 1, "change_message": "[{\"added\": {}}]"}}, {"model": "admin.logentry", "pk": 6, "fields": {"action_time": "2018-09-27T21:08:14.960", "user": 1, "content_type": 7, "object_id": "2", "object_repr": "CustMessage object (2)", "action_flag": 1, "change_message": "[{\"added\": {}}]"}}, {"model": "admin.logentry", "pk": 7, "fields": {"action_time": "2018-09-28T14:25:56.772", "user": 1, "content_type": 7, "object_id": "2", "object_repr": "CustMessage object (2)", "action_flag": 2, "change_message": "[{\"changed\": {\"fields\": [\"last_follow_user\"]}}]"}}, {"model": "admin.logentry", "pk": 8, "fields": {"action_time": "2018-09-28T16:18:34.036", "user": 1, "content_type": 7, "object_id": "3", "object_repr": "CustMessage object (3)", "action_flag": 1, "change_message": "[{\"added\": {}}]"}}, {"model": "admin.logentry", "pk": 9, "fields": {"action_time": "2018-09-28T16:19:20.324", "user": 1, "content_type": 7, "object_id": "4", "object_repr": "CustMessage object (4)", "action_flag": 1, "change_message": "[{\"added\": {}}]"}}, {"model": "admin.logentry", "pk": 10, "fields": {"action_time": "2018-11-18T22:32:37.218", "user": 1, "content_type": 4, "object_id": "4", "object_repr": "\u738b\u98de", "action_flag": 2, "change_message": "[{\"changed\": {\"fields\": [\"password\"]}}]"}}, {"model": "admin.logentry", "pk": 11, "fields": {"action_time": "2018-11-25T13:09:51.027", "user": 1, "content_type": 7, "object_id": "12", "object_repr": "CustMessage object (12)", "action_flag": 2, "change_message": "[{\"changed\": {\"fields\": [\"type\"]}}]"}}, {"model": "admin.logentry", "pk": 12, "fields": {"action_time": "2018-12-03T17:17:50.103", "user": 1, "content_type": 7, "object_id": "24", "object_repr": "CustMessage object (24)", "action_flag": 3, "change_message": ""}}, {"model": "admin.logentry", "pk": 13, "fields": {"action_time": "2018-12-03T17:17:50.254", "user": 1, "content_type": 7, "object_id": "23", "object_repr": "CustMessage object (23)", "action_flag": 3, "change_message": ""}}, {"model": "admin.logentry", "pk": 14, "fields": {"action_time": "2018-12-03T17:17:50.569", "user": 1, "content_type": 7, "object_id": "22", "object_repr": "CustMessage object (22)", "action_flag": 3, "change_message": ""}}, {"model": "admin.logentry", "pk": 15, "fields": {"action_time": "2018-12-03T17:17:51.053", "user": 1, "content_type": 7, "object_id": "21", "object_repr": "CustMessage object (21)", "action_flag": 3, "change_message": ""}}, {"model": "admin.logentry", "pk": 16, "fields": {"action_time": "2018-12-03T17:17:51.155", "user": 1, "content_type": 7, "object_id": "20", "object_repr": "CustMessage object (20)", "action_flag": 3, "change_message": ""}}, {"model": "admin.logentry", "pk": 17, "fields": {"action_time": "2018-12-03T17:17:51.263", "user": 1, "content_type": 7, "object_id": "19", "object_repr": "CustMessage object (19)", "action_flag": 3, "change_message": ""}}, {"model": "admin.logentry", "pk": 18, "fields": {"action_time": "2018-12-03T17:17:51.364", "user": 1, "content_type": 7, "object_id": "18", "object_repr": "CustMessage object (18)", "action_flag": 3, "change_message": ""}}, {"model": "admin.logentry", "pk": 19, "fields": {"action_time": "2018-12-03T17:17:51.481", "user": 1, "content_type": 7, "object_id": "17", "object_repr": "CustMessage object (17)", "action_flag": 3, "change_message": ""}}]